firstName,lastName,email,username,password,role
Roana,Fiddyment,rfiddyment0@etsy.com,rfiddyment0,password,user
Matthus,Foulis,mfoulis1@epa.gov,mfoulis1,password,user
Irv,O'Boyle,ioboyle2@vkontakte.ru,ioboyle2,password,user
Hiram,Plummer,hplummer3@amazon.com,hplummer3,password,admin
Tessy,Kayley,tkayley4@wikia.com,tkayley4,password,user
Francoise,Berrick,fberrick5@mysql.com,fberrick5,password,admin
Timmie,Formby,tformby6@about.com,tformby6,password,admin
Gloria,Jahnel,gjahnel7@adobe.com,gjahnel7,password,admin
Kaitlin,Raine,kraine8@pbs.org,kraine8,password,admin
Shandy,Foard,sfoard9@sogou.com,sfoard9,password,admin
Inez,Caughte,icaughtea@networkadvertising.org,icaughtea,password,admin
Lin,Chad,lchadb@google.ca,lchadb,password,user
Ralph,Bancroft,rbancroftc@pbs.org,rbancroftc,password,admin
Elka,Chamberlayne,echamberlayned@harvard.edu,echamberlayned,password,admin
Kayne,Mazillius,kmazilliuse@latimes.com,kmazilliuse,password,user
Fiorenze,Maric,fmaricf@ehow.com,fmaricf,password,user
Talbot,Orth,torthg@wiley.com,torthg,password,user
Bradly,Wogdon,bwogdonh@live.com,bwogdonh,password,user
Tommie,O'Bradden,tobraddeni@bloomberg.com,tobraddeni,password,admin
Davy,Smithend,dsmithendj@unicef.org,dsmithendj,password,admin
Tommy,Bruckental,tbruckentalk@amazonaws.com,tbruckentalk,password,user
Hannis,Kybert,hkybertl@com.com,hkybertl,password,user
Gunilla,Randals,grandalsm@surveymonkey.com,grandalsm,password,admin
Boris,Werrett,bwerrettn@nytimes.com,bwerrettn,password,user
Purcell,Eskrigge,peskriggeo@example.com,peskriggeo,password,admin
Marrissa,Hourican,mhouricanp@xrea.com,mhouricanp,password,admin
Debora,Khan,dkhanq@slideshare.net,dkhanq,password,user
Luciano,Mariot,lmariotr@123-reg.co.uk,lmariotr,password,user
Isidro,Nancarrow,inancarrows@geocities.jp,inancarrows,password,user
Revkah,Gimson,rgimsont@latimes.com,rgimsont,password,admin
Ewell,Steanyng,esteanyngu@youtu.be,esteanyngu,password,admin
Archaimbaud,Vennart,avennartv@techcrunch.com,avennartv,password,user
Shawn,Zarfati,szarfatiw@acquirethisname.com,szarfatiw,password,admin
Susie,Imeson,simesonx@ehow.com,simesonx,password,admin
Torrence,Goward,tgowardy@ed.gov,tgowardy,password,user
Boothe,Lawful,blawfulz@devhub.com,blawfulz,password,admin
Rafa,Strickland,rstrickland10@simplemachines.org,rstrickland10,password,admin
Dyana,Boyton,dboyton11@1und1.de,dboyton11,password,admin
Masha,Shovell,mshovell12@biglobe.ne.jp,mshovell12,password,admin
Julianna,McGooch,jmcgooch13@cloudflare.com,jmcgooch13,password,user
Hillary,Coatman,hcoatman14@webs.com,hcoatman14,password,admin
Susanetta,Tuckie,stuckie15@desdev.cn,stuckie15,password,user
Elane,Deetch,edeetch16@nationalgeographic.com,edeetch16,password,admin
Hermine,Chatenier,hchatenier17@engadget.com,hchatenier17,password,admin
Edwin,Bumby,ebumby18@sfgate.com,ebumby18,password,user
Barnaby,Demangel,bdemangel19@cisco.com,bdemangel19,password,admin
Tamar,Cranshaw,tcranshaw1a@wsj.com,tcranshaw1a,password,user
Janenna,Shotboult,jshotboult1b@infoseek.co.jp,jshotboult1b,password,admin
Jocko,Fenelon,jfenelon1c@salon.com,jfenelon1c,password,admin
Robbie,Courtonne,rcourtonne1d@t-online.de,rcourtonne1d,password,admin
Jermayne,Clemenson,jclemenson1e@sbwire.com,jclemenson1e,password,admin
Dolf,Euston,deuston1f@linkedin.com,deuston1f,password,admin
Quinn,Stilldale,qstilldale1g@wordpress.org,qstilldale1g,password,user
Bessie,Purslow,bpurslow1h@edublogs.org,bpurslow1h,password,admin
Dasi,Oxenham,doxenham1i@time.com,doxenham1i,password,user
Rickert,Fearnsides,rfearnsides1j@deviantart.com,rfearnsides1j,password,admin
Norby,Cammack,ncammack1k@hc360.com,ncammack1k,password,user
Florrie,Shalcros,fshalcros1l@discuz.net,fshalcros1l,password,user
Elmer,Gobourn,egobourn1m@paypal.com,egobourn1m,password,admin
Isak,Saville,isaville1n@smh.com.au,isaville1n,password,user
Benni,Greenhaugh,bgreenhaugh1o@twitter.com,bgreenhaugh1o,password,user
Mortie,Alexsandrov,malexsandrov1p@plala.or.jp,malexsandrov1p,password,admin
Rori,Philipeaux,rphilipeaux1q@w3.org,rphilipeaux1q,password,user
Aldrich,Widocks,awidocks1r@sitemeter.com,awidocks1r,password,user
Zabrina,Rashleigh,zrashleigh1s@mozilla.com,zrashleigh1s,password,user
Waldemar,Quick,wquick1t@wix.com,wquick1t,password,admin
Royall,Crenshaw,rcrenshaw1u@ihg.com,rcrenshaw1u,password,user
Gabby,Shellum,gshellum1v@discovery.com,gshellum1v,password,user
Rosa,Plenderleith,rplenderleith1w@cornell.edu,rplenderleith1w,password,admin
Melodee,Elleton,melleton1x@alexa.com,melleton1x,password,user
Jehanna,Legat,jlegat1y@marriott.com,jlegat1y,password,user
Theodoric,O'Sheerin,tosheerin1z@omniture.com,tosheerin1z,password,user
Berkley,Moakes,bmoakes20@example.com,bmoakes20,password,admin
Alexandre,Baudy,abaudy21@businessinsider.com,abaudy21,password,user
Paulie,Lickess,plickess22@com.com,plickess22,password,user
Alva,Shafier,ashafier23@spotify.com,ashafier23,password,user
Sibella,Vedyashkin,svedyashkin24@rambler.ru,svedyashkin24,password,user
Stillman,Arrington,sarrington25@nymag.com,sarrington25,password,admin
Wye,Nicol,wnicol26@usda.gov,wnicol26,password,admin
Paulita,Slocom,pslocom27@census.gov,pslocom27,password,admin
Pierson,Flippen,pflippen28@twitpic.com,pflippen28,password,user
Diannne,Drewett,ddrewett29@instagram.com,ddrewett29,password,admin
Lulu,Strotone,lstrotone2a@jiathis.com,lstrotone2a,password,user
Roseann,De Morena,rdemorena2b@samsung.com,rdemorena2b,password,user
Broddy,Cornick,bcornick2c@slate.com,bcornick2c,password,admin
Kaitlynn,Bembrigg,kbembrigg2d@addtoany.com,kbembrigg2d,password,admin
Sadie,Greenalf,sgreenalf2e@shareasale.com,sgreenalf2e,password,admin
Brian,Rainbow,brainbow2f@redcross.org,brainbow2f,password,admin
Sherie,Ibbison,sibbison2g@noaa.gov,sibbison2g,password,user
Towny,Molesworth,tmolesworth2h@accuweather.com,tmolesworth2h,password,user
Jenifer,Braley,jbraley2i@wix.com,jbraley2i,password,user
Giraud,Whife,gwhife2j@disqus.com,gwhife2j,password,user
Oriana,Denge,odenge2k@geocities.com,odenge2k,password,admin
Rycca,Frake,rfrake2l@google.ru,rfrake2l,password,admin
Wilmar,Tissiman,wtissiman2m@e-recht24.de,wtissiman2m,password,user
Susana,Ferfulle,sferfulle2n@deviantart.com,sferfulle2n,password,user
Wheeler,Valadez,wvaladez2o@ustream.tv,wvaladez2o,password,user
Milicent,Gerold,mgerold2p@mysql.com,mgerold2p,password,admin
Urban,Yorke,uyorke2q@ebay.co.uk,uyorke2q,password,admin
Magdalene,Navarro,mnavarro2r@unesco.org,mnavarro2r,password,admin
Consolata,Dietz,cdietz2s@sun.com,cdietz2s,password,user
Tracey,Beagen,tbeagen2t@posterous.com,tbeagen2t,password,admin
Augustin,Steenson,asteenson2u@nasa.gov,asteenson2u,password,admin
Raddy,Faichnie,rfaichnie2v@sphinn.com,rfaichnie2v,password,user
Layla,Almak,lalmak2w@statcounter.com,lalmak2w,password,admin
Lillian,Strangward,lstrangward2x@google.com,lstrangward2x,password,user
Davidson,Smallsman,dsmallsman2y@live.com,dsmallsman2y,password,user
Ansel,Edgeley,aedgeley2z@csmonitor.com,aedgeley2z,password,user
Lynnelle,Capper,lcapper30@unesco.org,lcapper30,password,admin
Guilbert,Yuryichev,gyuryichev31@multiply.com,gyuryichev31,password,admin
Cathryn,Willoughby,cwilloughby32@theatlantic.com,cwilloughby32,password,user
Fianna,Goatman,fgoatman33@tripadvisor.com,fgoatman33,password,admin
Sisely,Rippingale,srippingale34@time.com,srippingale34,password,user
Guinna,Crossland,gcrossland35@ca.gov,gcrossland35,password,admin
Dmitri,Nourse,dnourse36@bloglines.com,dnourse36,password,user
Karon,Hawyes,khawyes37@google.it,khawyes37,password,user
Raymond,Messer,rmesser38@youtu.be,rmesser38,password,user
Kora,Cassimer,kcassimer39@tinypic.com,kcassimer39,password,user
Tuckie,Spridgeon,tspridgeon3a@imgur.com,tspridgeon3a,password,user
Harriet,Darycott,hdarycott3b@fastcompany.com,hdarycott3b,password,admin
Selma,McPeck,smcpeck3c@guardian.co.uk,smcpeck3c,password,user
Lonnie,Ayree,layree3d@businessinsider.com,layree3d,password,user
Rickie,Pickless,rpickless3e@ted.com,rpickless3e,password,admin
Ella,Choudhury,echoudhury3f@wisc.edu,echoudhury3f,password,admin
Nigel,Furzey,nfurzey3g@vkontakte.ru,nfurzey3g,password,user
Tony,Postin,tpostin3h@wisc.edu,tpostin3h,password,user
Tremain,Ottley,tottley3i@woothemes.com,tottley3i,password,admin
Sidney,Abelovitz,sabelovitz3j@uiuc.edu,sabelovitz3j,password,user
Brockie,Sein,bsein3k@spiegel.de,bsein3k,password,user
Milicent,Saunderson,msaunderson3l@springer.com,msaunderson3l,password,user
Evelyn,Joint,ejoint3m@lycos.com,ejoint3m,password,admin
Merrilee,Grindell,mgrindell3n@typepad.com,mgrindell3n,password,admin
Franky,Lambert-Ciorwyn,flambertciorwyn3o@myspace.com,flambertciorwyn3o,password,user
Rosella,Royl,rroyl3p@nasa.gov,rroyl3p,password,admin
Corrina,MacRannell,cmacrannell3q@bluehost.com,cmacrannell3q,password,user
Jeramie,Thompstone,jthompstone3r@stanford.edu,jthompstone3r,password,user
Jerrine,Manoch,jmanoch3s@biblegateway.com,jmanoch3s,password,admin
Gunner,Zamorano,gzamorano3t@mail.ru,gzamorano3t,password,admin
Fowler,Petre,fpetre3u@google.cn,fpetre3u,password,admin
Melanie,Mauchline,mmauchline3v@gnu.org,mmauchline3v,password,admin
Corette,Edwardson,cedwardson3w@discovery.com,cedwardson3w,password,admin
Quint,Headey,qheadey3x@bloglovin.com,qheadey3x,password,admin
Rebekkah,Stenyng,rstenyng3y@hatena.ne.jp,rstenyng3y,password,admin
Linnet,Unwin,lunwin3z@imdb.com,lunwin3z,password,user
Babs,Pestell,bpestell40@home.pl,bpestell40,password,admin
Moses,Conner,mconner41@netlog.com,mconner41,password,user
Tyson,Elsay,telsay42@sciencedaily.com,telsay42,password,user
Lorin,Trundle,ltrundle43@usda.gov,ltrundle43,password,admin
Sydney,Belford,sbelford44@newsvine.com,sbelford44,password,admin
Lorry,Guerner,lguerner45@chicagotribune.com,lguerner45,password,admin
Blisse,Barringer,bbarringer46@europa.eu,bbarringer46,password,admin
Auria,Patching,apatching47@ifeng.com,apatching47,password,user
Kaylyn,Breslane,kbreslane48@utexas.edu,kbreslane48,password,admin
Munroe,Dalton,mdalton49@unicef.org,mdalton49,password,user
Forster,O'Brollachain,fobrollachain4a@who.int,fobrollachain4a,password,user
Ninette,McKilroe,nmckilroe4b@shop-pro.jp,nmckilroe4b,password,admin
Stefania,Favelle,sfavelle4c@soundcloud.com,sfavelle4c,password,admin
Clayborne,Blunsum,cblunsum4d@edublogs.org,cblunsum4d,password,user
Chrissy,Tavinor,ctavinor4e@infoseek.co.jp,ctavinor4e,password,user
Edik,Noquet,enoquet4f@fema.gov,enoquet4f,password,admin
Zack,Windmill,zwindmill4g@sitemeter.com,zwindmill4g,password,admin
Vernice,Featherstone,vfeatherstone4h@wikipedia.org,vfeatherstone4h,password,admin
Vic,Delnevo,vdelnevo4i@rakuten.co.jp,vdelnevo4i,password,user
Ezmeralda,Barsham,ebarsham4j@blogtalkradio.com,ebarsham4j,password,user
Lotty,Livesay,llivesay4k@comsenz.com,llivesay4k,password,user
Florette,Serman,fserman4l@usnews.com,fserman4l,password,user
Iorgos,Lilie,ililie4m@vinaora.com,ililie4m,password,admin
Piggy,Plowman,pplowman4n@reuters.com,pplowman4n,password,user
Chrissie,Mioni,cmioni4o@e-recht24.de,cmioni4o,password,admin
Codie,Flegg,cflegg4p@ucla.edu,cflegg4p,password,admin
Edd,Kastel,ekastel4q@cmu.edu,ekastel4q,password,user
Dionis,Hardwin,dhardwin4r@cisco.com,dhardwin4r,password,admin
Raff,Camili,rcamili4s@gnu.org,rcamili4s,password,user
Lonnie,Menhci,lmenhci4t@edublogs.org,lmenhci4t,password,user
Ellene,Fountaine,efountaine4u@hugedomains.com,efountaine4u,password,admin
Bordy,Ipplett,bipplett4v@businesswire.com,bipplett4v,password,admin
Gussy,Dundridge,gdundridge4w@plala.or.jp,gdundridge4w,password,user
Preston,Rany,prany4x@irs.gov,prany4x,password,admin
Creight,Baynam,cbaynam4y@constantcontact.com,cbaynam4y,password,user
Iona,Stearns,istearns4z@phoca.cz,istearns4z,password,admin
Odele,Ivers,oivers50@livejournal.com,oivers50,password,admin
Kevin,Summerlee,ksummerlee51@xing.com,ksummerlee51,password,admin
Cherry,Whymark,cwhymark52@netscape.com,cwhymark52,password,admin
Willis,Warlaw,wwarlaw53@symantec.com,wwarlaw53,password,user
Joleen,MacGee,jmacgee54@geocities.com,jmacgee54,password,admin
Hettie,Benninger,hbenninger55@e-recht24.de,hbenninger55,password,admin
Arnie,Boal,aboal56@examiner.com,aboal56,password,admin
Felicle,Sugarman,fsugarman57@soup.io,fsugarman57,password,admin
Viole,Greetham,vgreetham58@imdb.com,vgreetham58,password,admin
Breanne,Powner,bpowner59@jalbum.net,bpowner59,password,admin
Ania,Cadreman,acadreman5a@php.net,acadreman5a,password,admin
Karita,Bastide,kbastide5b@mapquest.com,kbastide5b,password,admin
Ashton,Jay,ajay5c@alexa.com,ajay5c,password,admin
Kristoffer,Mallam,kmallam5d@google.cn,kmallam5d,password,admin
Danette,Husband,dhusband5e@ted.com,dhusband5e,password,admin
Kala,Snare,ksnare5f@t.co,ksnare5f,password,admin
Colly,Agates,cagates5g@squarespace.com,cagates5g,password,admin
Renae,Pelling,rpelling5h@alexa.com,rpelling5h,password,admin
Candide,Garett,cgarett5i@dell.com,cgarett5i,password,user
Jasen,Purdey,jpurdey5j@mashable.com,jpurdey5j,password,admin
Alexis,Amner,aamner5k@theglobeandmail.com,aamner5k,password,user
Dominik,Battell,dbattell5l@nps.gov,dbattell5l,password,user
Yuma,Duerden,yduerden5m@answers.com,yduerden5m,password,admin
Francis,Moutray Read,fmoutrayread5n@nature.com,fmoutrayread5n,password,user
Lynne,Ebbrell,lebbrell5o@thetimes.co.uk,lebbrell5o,password,admin
Tuck,Riall,triall5p@deliciousdays.com,triall5p,password,user
Catriona,MacKean,cmackean5q@nymag.com,cmackean5q,password,user
Laurent,Rossiter,lrossiter5r@is.gd,lrossiter5r,password,admin
Creigh,Coning,cconing5s@weather.com,cconing5s,password,user
Ranice,Vaughan,rvaughan5t@cpanel.net,rvaughan5t,password,user
Clementia,Caudelier,ccaudelier5u@nps.gov,ccaudelier5u,password,user
Carolin,Grigoli,cgrigoli5v@creativecommons.org,cgrigoli5v,password,user
Job,Mackerel,jmackerel5w@boston.com,jmackerel5w,password,user
Charlena,Coopper,ccoopper5x@wordpress.com,ccoopper5x,password,admin
Ansley,Hammor,ahammor5y@wired.com,ahammor5y,password,user
Courtnay,Chitham,cchitham5z@timesonline.co.uk,cchitham5z,password,admin
Charyl,Briskey,cbriskey60@psu.edu,cbriskey60,password,user
Bonni,Graysmark,bgraysmark61@foxnews.com,bgraysmark61,password,user
Drucie,Ferron,dferron62@uol.com.br,dferron62,password,admin
Daffy,Kemster,dkemster63@whitehouse.gov,dkemster63,password,admin
Carl,Toovey,ctoovey64@google.it,ctoovey64,password,admin
Clim,Angood,cangood65@omniture.com,cangood65,password,admin
Jarred,Heald,jheald66@howstuffworks.com,jheald66,password,user
Jeffrey,Antonioni,jantonioni67@wikipedia.org,jantonioni67,password,user
Priscilla,Crockley,pcrockley68@linkedin.com,pcrockley68,password,admin
Wyatt,Rieflin,wrieflin69@linkedin.com,wrieflin69,password,admin
Hi,Perris,hperris6a@cnn.com,hperris6a,password,user
Hamilton,Whitlam,hwhitlam6b@amazonaws.com,hwhitlam6b,password,user
Christoph,Sidebottom,csidebottom6c@wired.com,csidebottom6c,password,user
Fanni,Rosbottom,frosbottom6d@jugem.jp,frosbottom6d,password,admin
Reginald,Kernley,rkernley6e@tiny.cc,rkernley6e,password,admin
Jewel,Barnham,jbarnham6f@berkeley.edu,jbarnham6f,password,user
Rufe,Neising,rneising6g@reddit.com,rneising6g,password,user
Henrie,Bartlam,hbartlam6h@washingtonpost.com,hbartlam6h,password,user
Patten,Row,prow6i@t.co,prow6i,password,admin
Annmarie,Roderham,aroderham6j@unesco.org,aroderham6j,password,user
Liuka,Kitchin,lkitchin6k@uol.com.br,lkitchin6k,password,admin
Marylou,Wiltsher,mwiltsher6l@earthlink.net,mwiltsher6l,password,user
Ysabel,Gregson,ygregson6m@businessinsider.com,ygregson6m,password,user
Licha,Baglin,lbaglin6n@dropbox.com,lbaglin6n,password,user
Haleigh,Gooble,hgooble6o@comsenz.com,hgooble6o,password,admin
Griffith,Pabst,gpabst6p@shinystat.com,gpabst6p,password,user
Jazmin,Daveren,jdaveren6q@miibeian.gov.cn,jdaveren6q,password,user
Whitney,Renon,wrenon6r@mozilla.com,wrenon6r,password,admin
Annora,Bodman,abodman6s@buzzfeed.com,abodman6s,password,admin
Kipp,Sidwick,ksidwick6t@nhs.uk,ksidwick6t,password,user
Dom,Ferraro,dferraro6u@va.gov,dferraro6u,password,user
Shermie,Sothern,ssothern6v@eventbrite.com,ssothern6v,password,user
Georgianna,Alu,galu6w@gravatar.com,galu6w,password,admin
Conny,Dagg,cdagg6x@salon.com,cdagg6x,password,admin
Helenka,Senecaux,hsenecaux6y@csmonitor.com,hsenecaux6y,password,admin
Astra,Clemente,aclemente6z@icq.com,aclemente6z,password,user
Clare,Larwood,clarwood70@163.com,clarwood70,password,user
Sianna,Schulkins,sschulkins71@cafepress.com,sschulkins71,password,user
Roseanna,Launder,rlaunder72@weibo.com,rlaunder72,password,admin
Myrtia,Leverington,mleverington73@webmd.com,mleverington73,password,user
Sande,McAvaddy,smcavaddy74@google.ru,smcavaddy74,password,admin
Rodge,Heyworth,rheyworth75@vimeo.com,rheyworth75,password,admin
Ardella,Sturte,asturte76@plala.or.jp,asturte76,password,user
Layton,O'Cannon,locannon77@unesco.org,locannon77,password,admin
Lonnie,Dibdall,ldibdall78@yandex.ru,ldibdall78,password,admin
Marget,Horribine,mhorribine79@list-manage.com,mhorribine79,password,admin
Misti,Kiendl,mkiendl7a@simplemachines.org,mkiendl7a,password,user
Lesya,Gosswell,lgosswell7b@fotki.com,lgosswell7b,password,user
Lay,Menchenton,lmenchenton7c@prlog.org,lmenchenton7c,password,user
Giles,Fautly,gfautly7d@ca.gov,gfautly7d,password,user
Thebault,Ingerfield,tingerfield7e@whitehouse.gov,tingerfield7e,password,admin
Laureen,Sinisbury,lsinisbury7f@tamu.edu,lsinisbury7f,password,admin
Saunders,Cropper,scropper7g@yelp.com,scropper7g,password,admin
Aundrea,Hayen,ahayen7h@nytimes.com,ahayen7h,password,admin
Rudy,Gogin,rgogin7i@so-net.ne.jp,rgogin7i,password,user
Claudina,Spinello,cspinello7j@dell.com,cspinello7j,password,user
Arni,Beaumont,abeaumont7k@opera.com,abeaumont7k,password,admin
Felic,Rouke,frouke7l@cbc.ca,frouke7l,password,user
Dilan,Raysdale,draysdale7m@gnu.org,draysdale7m,password,user
Ariel,Edwicker,aedwicker7n@smh.com.au,aedwicker7n,password,admin
Normand,Ollander,nollander7o@youtube.com,nollander7o,password,user
Sara,Remer,sremer7p@soup.io,sremer7p,password,user
Deedee,Bergeau,dbergeau7q@marriott.com,dbergeau7q,password,user
Trev,Hutcheon,thutcheon7r@admin.ch,thutcheon7r,password,user
Dani,Perryn,dperryn7s@wikimedia.org,dperryn7s,password,user
Katharina,Dublin,kdublin7t@rambler.ru,kdublin7t,password,user
Jilleen,Sarrell,jsarrell7u@wordpress.com,jsarrell7u,password,user
Matthaeus,By,mby7v@ameblo.jp,mby7v,password,user
Bertie,Gabala,bgabala7w@latimes.com,bgabala7w,password,admin
Mikey,Osanne,mosanne7x@facebook.com,mosanne7x,password,admin
Jillene,Cadney,jcadney7y@boston.com,jcadney7y,password,user
Morgana,Kyston,mkyston7z@ebay.co.uk,mkyston7z,password,admin
Sapphira,Tafani,stafani80@omniture.com,stafani80,password,admin
Donnie,Cornewall,dcornewall81@free.fr,dcornewall81,password,admin
Gustie,Akehurst,gakehurst82@cdc.gov,gakehurst82,password,user
Vite,Scowcroft,vscowcroft83@nytimes.com,vscowcroft83,password,user
Alane,MacTrustey,amactrustey84@ucoz.com,amactrustey84,password,user
Jimmie,Glanz,jglanz85@devhub.com,jglanz85,password,admin
Gabriel,McCullock,gmccullock86@yahoo.com,gmccullock86,password,admin
Petronille,McCrum,pmccrum87@dmoz.org,pmccrum87,password,user
Robby,Sunley,rsunley88@diigo.com,rsunley88,password,user
Bastien,Hawtry,bhawtry89@google.cn,bhawtry89,password,user
Britni,Heers,bheers8a@google.nl,bheers8a,password,admin
Eldon,Pudsall,epudsall8b@virginia.edu,epudsall8b,password,admin
Jonis,Trays,jtrays8c@blogspot.com,jtrays8c,password,admin
Desirae,Bucknill,dbucknill8d@soundcloud.com,dbucknill8d,password,user
Gardener,Cranney,gcranney8e@washington.edu,gcranney8e,password,admin
Robbi,Vakhlov,rvakhlov8f@nature.com,rvakhlov8f,password,user
Lin,Laugherane,llaugherane8g@amazon.co.jp,llaugherane8g,password,user
Fallon,Nickoles,fnickoles8h@nps.gov,fnickoles8h,password,user
Geordie,McElory,gmcelory8i@istockphoto.com,gmcelory8i,password,admin
Ida,Suffield,isuffield8j@wunderground.com,isuffield8j,password,user
Kaylyn,Lithcow,klithcow8k@fotki.com,klithcow8k,password,user
Eliza,Fratson,efratson8l@multiply.com,efratson8l,password,user
Raychel,Muckart,rmuckart8m@google.de,rmuckart8m,password,admin
Jillie,Hyam,jhyam8n@mysql.com,jhyam8n,password,admin
Jania,Blaxter,jblaxter8o@flickr.com,jblaxter8o,password,admin
Lida,Ramet,lramet8p@epa.gov,lramet8p,password,user
Yorgo,Pinnion,ypinnion8q@google.com.br,ypinnion8q,password,user
Kimbell,Spohr,kspohr8r@webs.com,kspohr8r,password,user
Teresa,Anthona,tanthona8s@slideshare.net,tanthona8s,password,admin
Linn,Gherardi,lgherardi8t@telegraph.co.uk,lgherardi8t,password,admin
Ynes,Edens,yedens8u@twitter.com,yedens8u,password,admin
Gloriane,Irdale,girdale8v@answers.com,girdale8v,password,user
Maurise,Casperri,mcasperri8w@usa.gov,mcasperri8w,password,user
Mary,Orts,morts8x@php.net,morts8x,password,user
Towny,Slyne,tslyne8y@google.es,tslyne8y,password,user
Bank,Adamovich,badamovich8z@ucoz.ru,badamovich8z,password,admin
Karlotta,Eggle,keggle90@cmu.edu,keggle90,password,user
Haywood,Shreenan,hshreenan91@ameblo.jp,hshreenan91,password,admin
Annabela,Davies,adavies92@epa.gov,adavies92,password,user
Danny,Caldecot,dcaldecot93@goodreads.com,dcaldecot93,password,admin
Sapphira,Cossar,scossar94@acquirethisname.com,scossar94,password,admin
Bird,Raubheim,braubheim95@cbsnews.com,braubheim95,password,user
Dorrie,Gargett,dgargett96@archive.org,dgargett96,password,admin
Benedicta,Roback,broback97@who.int,broback97,password,admin
Hilary,Coare,hcoare98@ocn.ne.jp,hcoare98,password,user
Freddy,Knewstub,fknewstub99@privacy.gov.au,fknewstub99,password,user
Gram,Gapper,ggapper9a@istockphoto.com,ggapper9a,password,user
Quinta,Blannin,qblannin9b@nytimes.com,qblannin9b,password,admin
Leslie,Gallear,lgallear9c@privacy.gov.au,lgallear9c,password,admin
Laraine,Tudhope,ltudhope9d@usa.gov,ltudhope9d,password,admin
Dave,Gleasane,dgleasane9e@free.fr,dgleasane9e,password,user
Erinna,Agett,eagett9f@harvard.edu,eagett9f,password,user
Fiona,Eakin,feakin9g@free.fr,feakin9g,password,user
Lancelot,Goodoune,lgoodoune9h@unicef.org,lgoodoune9h,password,admin
Linda,Archley,larchley9i@accuweather.com,larchley9i,password,user
Royall,Hazael,rhazael9j@netlog.com,rhazael9j,password,admin
Maurine,Alliberton,malliberton9k@state.gov,malliberton9k,password,admin
Tome,Tettersell,ttettersell9l@independent.co.uk,ttettersell9l,password,admin
Kelcy,Halliburton,khalliburton9m@xinhuanet.com,khalliburton9m,password,user
Lucais,Dovermann,ldovermann9n@uiuc.edu,ldovermann9n,password,user
Regina,Scarffe,rscarffe9o@yale.edu,rscarffe9o,password,user
Amitie,Ahlf,aahlf9p@sogou.com,aahlf9p,password,user
Blinni,Bosence,bbosence9q@google.es,bbosence9q,password,user
Abie,Jonk,ajonk9r@google.nl,ajonk9r,password,admin
Sarene,Jendrach,sjendrach9s@sfgate.com,sjendrach9s,password,admin
Mohandas,Fuke,mfuke9t@mysql.com,mfuke9t,password,user
Jocelin,Lowings,jlowings9u@rambler.ru,jlowings9u,password,user
Cosette,Groombridge,cgroombridge9v@github.com,cgroombridge9v,password,admin
Henderson,Spedroni,hspedroni9w@samsung.com,hspedroni9w,password,admin
Pippy,Dahlback,pdahlback9x@google.co.uk,pdahlback9x,password,user
Englebert,Kersey,ekersey9y@weather.com,ekersey9y,password,admin
Edi,Gutcher,egutcher9z@guardian.co.uk,egutcher9z,password,admin
Myriam,Cleaves,mcleavesa0@weibo.com,mcleavesa0,password,admin
Glyn,Beagley,gbeagleya1@wunderground.com,gbeagleya1,password,admin
Chandler,Borges,cborgesa2@apple.com,cborgesa2,password,admin
Jorie,Willgoose,jwillgoosea3@joomla.org,jwillgoosea3,password,user
Alecia,Steger,astegera4@xrea.com,astegera4,password,user
Joanie,Bonnar,jbonnara5@rakuten.co.jp,jbonnara5,password,admin
Isiahi,Peach,ipeacha6@forbes.com,ipeacha6,password,admin
Karon,Siman,ksimana7@ebay.com,ksimana7,password,admin
Ives,Farebrother,ifarebrothera8@auda.org.au,ifarebrothera8,password,admin
Bret,Swinden,bswindena9@pcworld.com,bswindena9,password,admin
Alfie,Beecheno,abeechenoaa@europa.eu,abeechenoaa,password,admin
Cordey,Ogilvy,cogilvyab@tripod.com,cogilvyab,password,user
Alyssa,Yegorkin,ayegorkinac@example.com,ayegorkinac,password,user
Roxana,Franke,rfrankead@intel.com,rfrankead,password,admin
Alix,Schaffel,aschaffelae@indiatimes.com,aschaffelae,password,user
Eadie,Jacklin,ejacklinaf@prnewswire.com,ejacklinaf,password,user
Becki,Adamski,badamskiag@bing.com,badamskiag,password,admin
Isaak,Monan,imonanah@csmonitor.com,imonanah,password,admin
Rosemarie,Openshaw,ropenshawai@amazon.co.jp,ropenshawai,password,admin
Sela,Waplington,swaplingtonaj@icq.com,swaplingtonaj,password,user
Stanislas,Boame,sboameak@dagondesign.com,sboameak,password,user
Vinnie,Laws,vlawsal@woothemes.com,vlawsal,password,user
Bernita,Twiggs,btwiggsam@si.edu,btwiggsam,password,admin
Xylia,Camlin,xcamlinan@google.com,xcamlinan,password,user
Armand,Budgeon,abudgeonao@t.co,abudgeonao,password,user
Vittoria,Durrand,vdurrandap@quantcast.com,vdurrandap,password,admin
Stan,Alchin,salchinaq@free.fr,salchinaq,password,user
Tiphanie,Abel,tabelar@ifeng.com,tabelar,password,user
Allistir,Smead,asmeadas@harvard.edu,asmeadas,password,admin
Otto,Fante,ofanteat@domainmarket.com,ofanteat,password,user
Shurwood,Mustill,smustillau@jimdo.com,smustillau,password,user
Nappie,Egre,negreav@nymag.com,negreav,password,user
Brynne,Dalmon,bdalmonaw@altervista.org,bdalmonaw,password,admin
Dallis,Washtell,dwashtellax@bloglovin.com,dwashtellax,password,admin
Darb,Hazelton,dhazeltonay@cbslocal.com,dhazeltonay,password,admin
Free,Caillou,fcaillouaz@github.io,fcaillouaz,password,admin
Rosemarie,De Gregorio,rdegregoriob0@paginegialle.it,rdegregoriob0,password,admin
Farrell,Boulger,fboulgerb1@un.org,fboulgerb1,password,user
Viv,Stetlye,vstetlyeb2@cnbc.com,vstetlyeb2,password,admin
Forest,Frears,ffrearsb3@eventbrite.com,ffrearsb3,password,user
Mari,Stoeck,mstoeckb4@geocities.jp,mstoeckb4,password,admin
Henrieta,Garvin,hgarvinb5@goodreads.com,hgarvinb5,password,user
Clarence,Lockey,clockeyb6@go.com,clockeyb6,password,user
Kissee,Clissell,kclissellb7@bluehost.com,kclissellb7,password,admin
Marlin,Hawthorn,mhawthornb8@topsy.com,mhawthornb8,password,admin
Pansy,Beagrie,pbeagrieb9@amazon.co.uk,pbeagrieb9,password,admin
Francisca,Shafier,fshafierba@ihg.com,fshafierba,password,user
Peggi,Norman,pnormanbb@apple.com,pnormanbb,password,user
Donalt,Bottrell,dbottrellbc@google.co.uk,dbottrellbc,password,admin
Vannie,Le Houx,vlehouxbd@discovery.com,vlehouxbd,password,admin
Judd,Caroline,jcarolinebe@baidu.com,jcarolinebe,password,admin
Julee,Haddinton,jhaddintonbf@twitpic.com,jhaddintonbf,password,admin
Gayle,MacKowle,gmackowlebg@microsoft.com,gmackowlebg,password,user
Theresita,Gabby,tgabbybh@examiner.com,tgabbybh,password,admin
Arne,Cotmore,acotmorebi@sun.com,acotmorebi,password,user
Bess,Szymanowicz,bszymanowiczbj@sogou.com,bszymanowiczbj,password,user
Kaleb,Iron,kironbk@chronoengine.com,kironbk,password,admin
Marlyn,Stammer,mstammerbl@xrea.com,mstammerbl,password,user
Davine,Earl,dearlbm@fc2.com,dearlbm,password,admin
Timmi,Escolme,tescolmebn@ameblo.jp,tescolmebn,password,admin
Bernita,Pragnall,bpragnallbo@boston.com,bpragnallbo,password,admin
Astra,Booler,aboolerbp@multiply.com,aboolerbp,password,admin
Allys,Benet,abenetbq@com.com,abenetbq,password,user
Heather,Haversum,hhaversumbr@shop-pro.jp,hhaversumbr,password,user
Karylin,Risen,krisenbs@latimes.com,krisenbs,password,user
Albertina,Sam,asambt@earthlink.net,asambt,password,user
Sorcha,Iggulden,sigguldenbu@opensource.org,sigguldenbu,password,admin
Janice,Fomichyov,jfomichyovbv@pen.io,jfomichyovbv,password,user
Madelena,Mulroy,mmulroybw@flickr.com,mmulroybw,password,admin
Bobbye,Biasio,bbiasiobx@hibu.com,bbiasiobx,password,admin
Marcia,Tyers,mtyersby@linkedin.com,mtyersby,password,admin
Adham,Riccioppo,ariccioppobz@apple.com,ariccioppobz,password,admin
Marieann,Allery,malleryc0@mediafire.com,malleryc0,password,user
Abram,Presho,apreshoc1@eventbrite.com,apreshoc1,password,admin
Garrik,Northam,gnorthamc2@istockphoto.com,gnorthamc2,password,user
Atlanta,Cawthorn,acawthornc3@etsy.com,acawthornc3,password,user
Deni,Ogelsby,dogelsbyc4@pbs.org,dogelsbyc4,password,user
Dorry,Hedman,dhedmanc5@gov.uk,dhedmanc5,password,user
Maighdiln,Bizley,mbizleyc6@tiny.cc,mbizleyc6,password,admin
Neall,Loweth,nlowethc7@sitemeter.com,nlowethc7,password,admin
Junie,Harmer,jharmerc8@uiuc.edu,jharmerc8,password,user
Becky,Heeks,bheeksc9@patch.com,bheeksc9,password,admin
Michele,Tie,mtieca@jalbum.net,mtieca,password,admin
Terencio,Knagges,tknaggescb@google.co.jp,tknaggescb,password,admin
Dewey,Wroath,dwroathcc@pinterest.com,dwroathcc,password,user
Brandise,Costelloe,bcostelloecd@yahoo.co.jp,bcostelloecd,password,user
David,McOrkil,dmcorkilce@latimes.com,dmcorkilce,password,user
Cart,Lycett,clycettcf@tumblr.com,clycettcf,password,user
Hillary,Vinas,hvinascg@cyberchimps.com,hvinascg,password,admin
Elinor,Liversidge,eliversidgech@senate.gov,eliversidgech,password,admin
Sheela,Cousin,scousinci@ibm.com,scousinci,password,user
Frederic,Wagg,fwaggcj@photobucket.com,fwaggcj,password,user
Jermaine,Lemmens,jlemmensck@free.fr,jlemmensck,password,user
Burg,Kennady,bkennadycl@usa.gov,bkennadycl,password,admin
Shelby,Pengelley,spengelleycm@yellowpages.com,spengelleycm,password,admin
Lezley,Canete,lcanetecn@army.mil,lcanetecn,password,admin
Yolanthe,Dodshun,ydodshunco@sohu.com,ydodshunco,password,admin
Kevin,Langfat,klangfatcp@ftc.gov,klangfatcp,password,user
Aluin,Skrines,askrinescq@toplist.cz,askrinescq,password,user
Shel,Rosencrantz,srosencrantzcr@gizmodo.com,srosencrantzcr,password,admin
Stefania,Humphries,shumphriescs@woothemes.com,shumphriescs,password,user
Joby,Bowerbank,jbowerbankct@cocolog-nifty.com,jbowerbankct,password,user
Conan,Wasmer,cwasmercu@hugedomains.com,cwasmercu,password,admin
Shalom,Aulds,sauldscv@ucsd.edu,sauldscv,password,user
Rafaelita,Adelsberg,radelsbergcw@sphinn.com,radelsbergcw,password,user
Merrill,Petrichat,mpetrichatcx@acquirethisname.com,mpetrichatcx,password,admin
Phineas,Colthard,pcolthardcy@ycombinator.com,pcolthardcy,password,admin
Kelsy,Drennan,kdrennancz@123-reg.co.uk,kdrennancz,password,admin
Catharina,Harle,charled0@tumblr.com,charled0,password,user
Felipa,Roper,froperd1@usatoday.com,froperd1,password,user
Kaile,Piegrome,kpiegromed2@webnode.com,kpiegromed2,password,user
Katherina,Cavnor,kcavnord3@qq.com,kcavnord3,password,admin
Marty,Bewlie,mbewlied4@squarespace.com,mbewlied4,password,admin
Glyn,Clausewitz,gclausewitzd5@php.net,gclausewitzd5,password,user
Min,Aikett,maikettd6@naver.com,maikettd6,password,user
Kiley,Darracott,kdarracottd7@cbc.ca,kdarracottd7,password,user
Jenny,Primmer,jprimmerd8@java.com,jprimmerd8,password,user
Fin,Last,flastd9@storify.com,flastd9,password,admin
Alberta,Lehrer,alehrerda@pinterest.com,alehrerda,password,user
Conrado,Kleinhaut,ckleinhautdb@xrea.com,ckleinhautdb,password,user
Ivie,Basson,ibassondc@washingtonpost.com,ibassondc,password,user
Adham,Maleck,amaleckdd@ft.com,amaleckdd,password,admin
Zorina,Kibble,zkibblede@noaa.gov,zkibblede,password,admin
Hayes,Duplock,hduplockdf@biblegateway.com,hduplockdf,password,admin
Gerard,Crisford,gcrisforddg@hao123.com,gcrisforddg,password,user
Melonie,Sutherns,msuthernsdh@squidoo.com,msuthernsdh,password,admin
Charlotte,Sulley,csulleydi@clickbank.net,csulleydi,password,user
Shanna,Slipper,sslipperdj@ft.com,sslipperdj,password,admin
Doretta,Gallager,dgallagerdk@php.net,dgallagerdk,password,admin
Genevieve,Pattington,gpattingtondl@gmpg.org,gpattingtondl,password,admin
Cynthea,Belliveau,cbelliveaudm@usgs.gov,cbelliveaudm,password,user
Kendre,Scherme,kschermedn@prweb.com,kschermedn,password,admin
Selinda,Britzius,sbritziusdo@biblegateway.com,sbritziusdo,password,user
Benedikta,Loughlan,bloughlandp@uol.com.br,bloughlandp,password,user
Toddie,Baack,tbaackdq@epa.gov,tbaackdq,password,user
Evyn,Dunbobbin,edunbobbindr@ucla.edu,edunbobbindr,password,admin
Sonni,Iacovacci,siacovaccids@mtv.com,siacovaccids,password,user
Berri,Fairham,bfairhamdt@businessweek.com,bfairhamdt,password,admin
Vevay,Ghidotti,vghidottidu@alibaba.com,vghidottidu,password,user
Corey,Gracey,cgraceydv@cnn.com,cgraceydv,password,admin
Mora,Pettegree,mpettegreedw@tiny.cc,mpettegreedw,password,admin
Vivyanne,Matuska,vmatuskadx@nationalgeographic.com,vmatuskadx,password,admin
Nicol,Ouldred,nouldreddy@intel.com,nouldreddy,password,admin
Tome,Itzhaki,titzhakidz@tinypic.com,titzhakidz,password,admin
Sigismondo,Hendricks,shendrickse0@npr.org,shendrickse0,password,user
Valery,Bulfoot,vbulfoote1@so-net.ne.jp,vbulfoote1,password,user
Jillane,Marnes,jmarnese2@time.com,jmarnese2,password,admin
Emilio,Coveny,ecovenye3@theatlantic.com,ecovenye3,password,admin
Lissie,Crumbie,lcrumbiee4@wsj.com,lcrumbiee4,password,admin
Deonne,Dunne,ddunnee5@scientificamerican.com,ddunnee5,password,user
Shelli,Camacho,scamachoe6@aol.com,scamachoe6,password,user
Ashely,Maroney,amaroneye7@sciencedaily.com,amaroneye7,password,admin
Kylila,Andretti,kandrettie8@symantec.com,kandrettie8,password,admin
Taryn,Luna,tlunae9@webs.com,tlunae9,password,user
Shane,Wylder,swylderea@photobucket.com,swylderea,password,admin
Esta,Hilley,ehilleyeb@who.int,ehilleyeb,password,user
Silvio,Cogger,scoggerec@rakuten.co.jp,scoggerec,password,user
Rollo,Novik,rnoviked@yellowbook.com,rnoviked,password,admin
Gearalt,Pirrie,gpirrieee@reference.com,gpirrieee,password,admin
Quintina,Brandoni,qbrandonief@cbslocal.com,qbrandonief,password,admin
Ron,Youens,ryouenseg@mit.edu,ryouenseg,password,admin
Jared,Malkie,jmalkieeh@51.la,jmalkieeh,password,admin
Benson,Laugier,blaugierei@businessweek.com,blaugierei,password,admin
Dar,Capper,dcapperej@squidoo.com,dcapperej,password,admin
Myriam,Drabble,mdrabbleek@nba.com,mdrabbleek,password,admin
Huberto,Hastwell,hhastwellel@bing.com,hhastwellel,password,user
Astrix,Gilbee,agilbeeem@house.gov,agilbeeem,password,admin
Kipp,Ingleby,kinglebyen@blinklist.com,kinglebyen,password,admin
Nomi,Melvin,nmelvineo@google.co.uk,nmelvineo,password,admin
Wenda,Twelve,wtwelveep@cbc.ca,wtwelveep,password,user
Obidiah,Charman,ocharmaneq@t-online.de,ocharmaneq,password,user
Davy,McGonnell,dmcgonneller@guardian.co.uk,dmcgonneller,password,user
Carmencita,O'Gleasane,cogleasanees@flavors.me,cogleasanees,password,admin
Yevette,Burchill,yburchillet@squidoo.com,yburchillet,password,user
Cammie,Jaycocks,cjaycockseu@parallels.com,cjaycockseu,password,admin
Derron,Keirl,dkeirlev@histats.com,dkeirlev,password,admin
Rustie,Larwood,rlarwoodew@noaa.gov,rlarwoodew,password,user
Lonnie,Annon,lannonex@arstechnica.com,lannonex,password,user
Emory,Ebbrell,eebbrelley@dagondesign.com,eebbrelley,password,user
Rhoda,Walewski,rwalewskiez@rakuten.co.jp,rwalewskiez,password,user
Bertina,Laugharne,blaugharnef0@typepad.com,blaugharnef0,password,admin
Finley,Cuffe,fcuffef1@about.me,fcuffef1,password,admin
Nicolle,Lorant,nlorantf2@github.com,nlorantf2,password,user
Tobi,Iston,tistonf3@goodreads.com,tistonf3,password,user
Marissa,Goodlett,mgoodlettf4@un.org,mgoodlettf4,password,user
Marvin,Coldridge,mcoldridgef5@comsenz.com,mcoldridgef5,password,user
Miner,Olliff,mollifff6@guardian.co.uk,mollifff6,password,admin
Patin,Bengoechea,pbengoecheaf7@yahoo.com,pbengoecheaf7,password,admin
Faythe,Jessett,fjessettf8@apache.org,fjessettf8,password,user
Abramo,Fleckno,aflecknof9@wix.com,aflecknof9,password,admin
Win,Barthram,wbarthramfa@yellowbook.com,wbarthramfa,password,admin
Ruggiero,Diggles,rdigglesfb@diigo.com,rdigglesfb,password,user
Garrott,Tydeman,gtydemanfc@skype.com,gtydemanfc,password,user
Dorrie,Blyden,dblydenfd@bing.com,dblydenfd,password,user
Cooper,Wicken,cwickenfe@alibaba.com,cwickenfe,password,user
Quinta,Noni,qnoniff@biglobe.ne.jp,qnoniff,password,user
Clerissa,Breddy,cbreddyfg@icio.us,cbreddyfg,password,admin
Ofelia,Isacq,oisacqfh@businesswire.com,oisacqfh,password,admin
Colette,Francescozzi,cfrancescozzifi@tripadvisor.com,cfrancescozzifi,password,user
Ernestus,Bendson,ebendsonfj@examiner.com,ebendsonfj,password,user
Brigitte,Garnsworth,bgarnsworthfk@home.pl,bgarnsworthfk,password,admin
Nanci,Lambal,nlambalfl@edublogs.org,nlambalfl,password,user
Aguste,Pibsworth,apibsworthfm@nymag.com,apibsworthfm,password,admin
Morgan,Barmby,mbarmbyfn@wp.com,mbarmbyfn,password,user
Livvyy,Chieco,lchiecofo@wiley.com,lchiecofo,password,user
Betsey,Beckerleg,bbeckerlegfp@nbcnews.com,bbeckerlegfp,password,user
Babbie,Lampaert,blampaertfq@flickr.com,blampaertfq,password,admin
Stella,Godsafe,sgodsafefr@mapy.cz,sgodsafefr,password,admin
Mackenzie,Itzik,mitzikfs@chicagotribune.com,mitzikfs,password,admin
Retha,Shilburne,rshilburneft@pagesperso-orange.fr,rshilburneft,password,admin
Putnam,Affleck,paffleckfu@deliciousdays.com,paffleckfu,password,admin
Sigismondo,Vodden,svoddenfv@ameblo.jp,svoddenfv,password,user
Madelena,Grisedale,mgrisedalefw@imgur.com,mgrisedalefw,password,user
Marcus,Garritley,mgarritleyfx@issuu.com,mgarritleyfx,password,user
Calida,Goodlett,cgoodlettfy@baidu.com,cgoodlettfy,password,user
Ericha,Cecil,ececilfz@dell.com,ececilfz,password,user
Michel,Sweedland,msweedlandg0@gmpg.org,msweedlandg0,password,user
Holden,Kippie,hkippieg1@va.gov,hkippieg1,password,user
Franky,Hannond,fhannondg2@answers.com,fhannondg2,password,admin
Shandeigh,Demange,sdemangeg3@barnesandnoble.com,sdemangeg3,password,admin
Nikolas,Egginton,neggintong4@hugedomains.com,neggintong4,password,admin
Analise,Goard,agoardg5@issuu.com,agoardg5,password,admin
Donnell,Oleszcuk,doleszcukg6@disqus.com,doleszcukg6,password,user
Darill,Dewire,ddewireg7@go.com,ddewireg7,password,user
Cash,Sheron,csherong8@stanford.edu,csherong8,password,user
Ebonee,Hexter,ehexterg9@disqus.com,ehexterg9,password,user
Calvin,Lappin,clappinga@mozilla.org,clappinga,password,admin
Martin,Blackburne,mblackburnegb@biglobe.ne.jp,mblackburnegb,password,user
Tildi,Shayler,tshaylergc@youtube.com,tshaylergc,password,admin
Cordelie,Insley,cinsleygd@barnesandnoble.com,cinsleygd,password,admin
Carmelia,Gueinn,cgueinnge@trellian.com,cgueinnge,password,admin
Noland,Arkwright,narkwrightgf@house.gov,narkwrightgf,password,user
Petronella,Normaville,pnormavillegg@prlog.org,pnormavillegg,password,user
Robbert,Grunguer,rgrunguergh@usgs.gov,rgrunguergh,password,admin
Emmit,Scattergood,escattergoodgi@wufoo.com,escattergoodgi,password,admin
Phineas,Leathley,pleathleygj@tuttocitta.it,pleathleygj,password,admin
Currie,Fliege,cfliegegk@merriam-webster.com,cfliegegk,password,user
Jean,Rundle,jrundlegl@ox.ac.uk,jrundlegl,password,admin
Giffie,Vanns,gvannsgm@dmoz.org,gvannsgm,password,user
Hanan,Paris,hparisgn@buzzfeed.com,hparisgn,password,admin
Doralyn,McCarver,dmccarvergo@utexas.edu,dmccarvergo,password,user
Neala,Jukes,njukesgp@spotify.com,njukesgp,password,admin
Cos,Depport,cdepportgq@bbb.org,cdepportgq,password,admin
Eolande,Krochmann,ekrochmanngr@wikipedia.org,ekrochmanngr,password,admin
Celesta,Dogg,cdogggs@sitemeter.com,cdogggs,password,admin
Porter,Mugleston,pmuglestongt@time.com,pmuglestongt,password,user
Cori,Milch,cmilchgu@ibm.com,cmilchgu,password,admin
Nananne,Tivolier,ntivoliergv@ftc.gov,ntivoliergv,password,admin
Beatriz,Poe,bpoegw@newyorker.com,bpoegw,password,user
Oralle,Anton,oantongx@github.com,oantongx,password,admin
Yoko,Asel,yaselgy@gravatar.com,yaselgy,password,admin
Alexandro,Clement,aclementgz@myspace.com,aclementgz,password,user
Jules,Crowcroft,jcrowcrofth0@homestead.com,jcrowcrofth0,password,user
Ralph,Duhig,rduhigh1@hhs.gov,rduhigh1,password,admin
Gerianna,Jerrand,gjerrandh2@purevolume.com,gjerrandh2,password,admin
Shelly,Langdridge,slangdridgeh3@ca.gov,slangdridgeh3,password,admin
Anni,Alflat,aalflath4@bluehost.com,aalflath4,password,admin
Anette,Costello,acostelloh5@dell.com,acostelloh5,password,admin
Elwira,Mallison,emallisonh6@mysql.com,emallisonh6,password,user
Shoshanna,Lathleiffure,slathleiffureh7@macromedia.com,slathleiffureh7,password,admin
Frieda,Hentzer,fhentzerh8@ustream.tv,fhentzerh8,password,user
Theadora,Hunnisett,thunnisetth9@sourceforge.net,thunnisetth9,password,user
Fletch,Arundell,farundellha@myspace.com,farundellha,password,admin
Alyce,Crouse,acrousehb@bloglovin.com,acrousehb,password,admin
Ave,Maslin,amaslinhc@photobucket.com,amaslinhc,password,admin
Ring,Ascrofte,rascroftehd@youtube.com,rascroftehd,password,admin
Ameline,McVrone,amcvronehe@rakuten.co.jp,amcvronehe,password,admin
Anabal,McCathy,amccathyhf@youtube.com,amccathyhf,password,admin
Brendis,Carlton,bcarltonhg@usda.gov,bcarltonhg,password,user
Marita,Mapholm,mmapholmhh@acquirethisname.com,mmapholmhh,password,user
Nelly,Medina,nmedinahi@ihg.com,nmedinahi,password,user
Gabe,Darcey,gdarceyhj@instagram.com,gdarceyhj,password,user
Lacie,Haffner,lhaffnerhk@tamu.edu,lhaffnerhk,password,admin
Darci,Geere,dgeerehl@irs.gov,dgeerehl,password,user
Jessie,Rubinfajn,jrubinfajnhm@yolasite.com,jrubinfajnhm,password,user
Adrea,Gonsalvo,agonsalvohn@odnoklassniki.ru,agonsalvohn,password,user
Ramsay,Antill,rantillho@dion.ne.jp,rantillho,password,user
Jerrylee,Artois,jartoishp@indiegogo.com,jartoishp,password,admin
Darryl,Lysons,dlysonshq@hao123.com,dlysonshq,password,user
Laryssa,Gurge,lgurgehr@bravesites.com,lgurgehr,password,admin
Lauretta,Sanson,lsansonhs@paginegialle.it,lsansonhs,password,admin
Dianna,Foucar,dfoucarht@cbslocal.com,dfoucarht,password,admin
Cecilio,Dun,cdunhu@webs.com,cdunhu,password,admin
Rube,Whitley,rwhitleyhv@chicagotribune.com,rwhitleyhv,password,user
Carry,Maddrell,cmaddrellhw@dedecms.com,cmaddrellhw,password,admin
Manolo,Luetkemeyers,mluetkemeyershx@wix.com,mluetkemeyershx,password,admin
Kelley,Dainter,kdainterhy@microsoft.com,kdainterhy,password,admin
Rowland,Cattroll,rcattrollhz@scientificamerican.com,rcattrollhz,password,user
Beverley,Castelot,bcasteloti0@plala.or.jp,bcasteloti0,password,admin
Fitz,Glasman,fglasmani1@people.com.cn,fglasmani1,password,admin
Paddy,Zavittieri,pzavittierii2@cafepress.com,pzavittierii2,password,admin
Noak,Dykas,ndykasi3@tinypic.com,ndykasi3,password,admin
Skyler,Barabisch,sbarabischi4@bigcartel.com,sbarabischi4,password,user
Samuele,Bum,sbumi5@squarespace.com,sbumi5,password,admin
Alford,Hanbidge,ahanbidgei6@so-net.ne.jp,ahanbidgei6,password,user
Dani,Scain,dscaini7@gnu.org,dscaini7,password,admin
Dorene,McGarrity,dmcgarrityi8@amazonaws.com,dmcgarrityi8,password,admin
Theressa,Simenot,tsimenoti9@unc.edu,tsimenoti9,password,admin
Lark,Hoolaghan,lhoolaghania@creativecommons.org,lhoolaghania,password,admin
Frants,Derdes,fderdesib@google.com.br,fderdesib,password,admin
Brady,Rustan,brustanic@i2i.jp,brustanic,password,admin
Dannel,Battelle,dbattelleid@digg.com,dbattelleid,password,admin
Carina,Lippett,clippettie@slashdot.org,clippettie,password,user
Brittany,Liddy,bliddyif@gov.uk,bliddyif,password,admin
Jule,Ferier,jferierig@google.ru,jferierig,password,admin
Monte,Manvelle,mmanvelleih@theatlantic.com,mmanvelleih,password,admin
Kimberlee,Crosswaite,kcrosswaiteii@sitemeter.com,kcrosswaiteii,password,user
Birgitta,Hebborn,bhebbornij@google.es,bhebbornij,password,user
Kipp,Scriver,kscriverik@friendfeed.com,kscriverik,password,admin
Fonz,Colisbe,fcolisbeil@bizjournals.com,fcolisbeil,password,admin
Anjanette,Van den Velde,avandenveldeim@skype.com,avandenveldeim,password,user
Jamesy,Geldeford,jgeldefordin@yellowpages.com,jgeldefordin,password,admin
Clemmie,Hancox,chancoxio@simplemachines.org,chancoxio,password,admin
Rosaleen,Lochran,rlochranip@amazon.co.jp,rlochranip,password,admin
Humberto,Gallon,hgalloniq@linkedin.com,hgalloniq,password,admin
Nicola,Spowage,nspowageir@go.com,nspowageir,password,admin
Tibold,Ollivier,tollivieris@angelfire.com,tollivieris,password,admin
Bernie,Allgood,ballgoodit@baidu.com,ballgoodit,password,user
Glenda,Hilliam,ghilliamiu@twitter.com,ghilliamiu,password,user
Goldina,Corballis,gcorballisiv@illinois.edu,gcorballisiv,password,admin
Correy,Marunchak,cmarunchakiw@about.com,cmarunchakiw,password,admin
Christabel,Alwood,calwoodix@yolasite.com,calwoodix,password,user
Tiffy,Learoid,tlearoidiy@chicagotribune.com,tlearoidiy,password,admin
Nye,Richemond,nrichemondiz@hubpages.com,nrichemondiz,password,admin
Clementia,Bestwall,cbestwallj0@latimes.com,cbestwallj0,password,user
Byram,Feavearyear,bfeavearyearj1@free.fr,bfeavearyearj1,password,admin
Perri,Faers,pfaersj2@mozilla.org,pfaersj2,password,user
Annecorinne,Farlham,afarlhamj3@hexun.com,afarlhamj3,password,user
Courtenay,Bumford,cbumfordj4@360.cn,cbumfordj4,password,admin
Ketti,Wey,kweyj5@example.com,kweyj5,password,admin
Naoma,Luquet,nluquetj6@yahoo.com,nluquetj6,password,user
Margot,Pedrollo,mpedrolloj7@storify.com,mpedrolloj7,password,user
Oralee,Frisel,ofriselj8@feedburner.com,ofriselj8,password,admin
Gideon,Wimlet,gwimletj9@goo.gl,gwimletj9,password,admin
Kelli,Meininking,kmeininkingja@reuters.com,kmeininkingja,password,admin
Alfie,Burns,aburnsjb@miitbeian.gov.cn,aburnsjb,password,admin
Juditha,Perot,jperotjc@paginegialle.it,jperotjc,password,user
Ripley,Oakenfield,roakenfieldjd@wordpress.org,roakenfieldjd,password,admin
Fernanda,Edgars,fedgarsje@bbb.org,fedgarsje,password,user
Nyssa,Genthner,ngenthnerjf@liveinternet.ru,ngenthnerjf,password,user
Karly,Ricioppo,kricioppojg@hostgator.com,kricioppojg,password,user
Clarey,Yesenin,cyeseninjh@ehow.com,cyeseninjh,password,user
Man,Franek,mfranekji@arizona.edu,mfranekji,password,admin
Bidget,Scollan,bscollanjj@dot.gov,bscollanjj,password,admin
Lorilee,MacCafferky,lmaccafferkyjk@wufoo.com,lmaccafferkyjk,password,admin
Raffarty,Fleming,rflemingjl@nps.gov,rflemingjl,password,admin
Jacky,Byatt,jbyattjm@usnews.com,jbyattjm,password,admin
Dillon,Argent,dargentjn@mlb.com,dargentjn,password,user
Kare,Ledbury,kledburyjo@omniture.com,kledburyjo,password,user
Barris,Lingner,blingnerjp@odnoklassniki.ru,blingnerjp,password,user
Calypso,Coopland,ccooplandjq@amazon.com,ccooplandjq,password,admin
Leonelle,Goney,lgoneyjr@cisco.com,lgoneyjr,password,user
Davidson,Caulcott,dcaulcottjs@go.com,dcaulcottjs,password,user
Bryanty,McKenney,bmckenneyjt@bandcamp.com,bmckenneyjt,password,admin
Belle,Billitteri,bbillitteriju@mayoclinic.com,bbillitteriju,password,user
Ulrick,Mackrell,umackrelljv@oracle.com,umackrelljv,password,admin
Fergus,Wadesworth,fwadesworthjw@booking.com,fwadesworthjw,password,admin
Adelice,Eate,aeatejx@senate.gov,aeatejx,password,user
Corey,Cellone,ccellonejy@rediff.com,ccellonejy,password,admin
Catlee,Sorbey,csorbeyjz@wikipedia.org,csorbeyjz,password,user
Kippar,Mahedy,kmahedyk0@sakura.ne.jp,kmahedyk0,password,user
Janifer,Denisovo,jdenisovok1@yale.edu,jdenisovok1,password,admin
Husain,Podbury,hpodburyk2@theglobeandmail.com,hpodburyk2,password,user
Boris,Bosley,bbosleyk3@bluehost.com,bbosleyk3,password,user
Ora,Antos,oantosk4@utexas.edu,oantosk4,password,admin
Abbie,Joll,ajollk5@smh.com.au,ajollk5,password,user
Randee,Wickenden,rwickendenk6@opensource.org,rwickendenk6,password,user
Barnaby,Boxell,bboxellk7@youtube.com,bboxellk7,password,user
Xavier,Tomkowicz,xtomkowiczk8@tinypic.com,xtomkowiczk8,password,admin
Amery,Fussey,afusseyk9@vk.com,afusseyk9,password,admin
Gil,Hillaby,ghillabyka@marriott.com,ghillabyka,password,user
Vikki,Creser,vcreserkb@google.cn,vcreserkb,password,user
Brigida,Lefort,blefortkc@jimdo.com,blefortkc,password,admin
Ianthe,Randles,irandleskd@dyndns.org,irandleskd,password,admin
Robin,Serle,rserleke@harvard.edu,rserleke,password,user
Lin,Verring,lverringkf@diigo.com,lverringkf,password,admin
Rubie,Duffy,rduffykg@amazonaws.com,rduffykg,password,user
Pebrook,Regus,preguskh@gnu.org,preguskh,password,admin
Huntington,Manketell,hmanketellki@w3.org,hmanketellki,password,admin
Ulrikaumeko,Sustins,usustinskj@whitehouse.gov,usustinskj,password,user
Myrvyn,Kettlestring,mkettlestringkk@mapquest.com,mkettlestringkk,password,admin
Ramona,Edser,redserkl@homestead.com,redserkl,password,admin
Shurlock,felip,sfelipkm@soundcloud.com,sfelipkm,password,user
Beltran,Guillart,bguillartkn@opensource.org,bguillartkn,password,user
Abie,Scoines,ascoinesko@omniture.com,ascoinesko,password,user
Petrina,Peascod,ppeascodkp@dagondesign.com,ppeascodkp,password,admin
Joachim,Foulks,jfoulkskq@feedburner.com,jfoulkskq,password,user
Cookie,Aslie,casliekr@smugmug.com,casliekr,password,user
Gifford,Pateman,gpatemanks@github.com,gpatemanks,password,user
Odell,Egentan,oegentankt@123-reg.co.uk,oegentankt,password,user
Jerrold,Brooker,jbrookerku@sbwire.com,jbrookerku,password,user
Tiphany,Paull,tpaullkv@clickbank.net,tpaullkv,password,admin
Susann,Sparkes,ssparkeskw@about.me,ssparkeskw,password,user
Dorothy,Odeson,dodesonkx@google.ru,dodesonkx,password,admin
Loretta,Bloore,lblooreky@hp.com,lblooreky,password,admin
Trista,Pool,tpoolkz@ovh.net,tpoolkz,password,admin
Massimo,Eyers,meyersl0@sun.com,meyersl0,password,admin
Lloyd,Kleinerman,lkleinermanl1@ask.com,lkleinermanl1,password,user
Crystal,Akers,cakersl2@friendfeed.com,cakersl2,password,user
Zonda,Lampert,zlampertl3@sitemeter.com,zlampertl3,password,admin
Culley,Franzettoini,cfranzettoinil4@51.la,cfranzettoinil4,password,admin
Mead,Matijevic,mmatijevicl5@github.io,mmatijevicl5,password,admin
Ingaborg,Tolle,itollel6@shutterfly.com,itollel6,password,user
Tracy,Gerretsen,tgerretsenl7@163.com,tgerretsenl7,password,user
Maryellen,MacFarlan,mmacfarlanl8@reference.com,mmacfarlanl8,password,admin
Winonah,Kighly,wkighlyl9@wikimedia.org,wkighlyl9,password,admin
Carmelia,Siney,csineyla@google.com.au,csineyla,password,user
Lynnelle,Laurie,llaurielb@icq.com,llaurielb,password,user
Murray,Garforth,mgarforthlc@mail.ru,mgarforthlc,password,admin
Shane,Galtone,sgaltoneld@google.com,sgaltoneld,password,user
Frannie,Christofe,fchristofele@europa.eu,fchristofele,password,user
Bliss,Pischel,bpischellf@ucla.edu,bpischellf,password,user
Cyndie,Maillard,cmaillardlg@patch.com,cmaillardlg,password,admin
Zaccaria,Lush,zlushlh@slashdot.org,zlushlh,password,user
Nevins,Rickarsey,nrickarseyli@dell.com,nrickarseyli,password,admin
Terra,Lambourne,tlambournelj@last.fm,tlambournelj,password,admin
Fanya,Thorwarth,fthorwarthlk@weibo.com,fthorwarthlk,password,user
Somerset,Mardee,smardeell@bloomberg.com,smardeell,password,user
Thorny,Adderley,tadderleylm@smh.com.au,tadderleylm,password,user
Kendrick,Tweddell,ktweddellln@paginegialle.it,ktweddellln,password,user
Cooper,Firle,cfirlelo@webmd.com,cfirlelo,password,user
Noel,Samudio,nsamudiolp@amazon.co.uk,nsamudiolp,password,user
Gabriella,Carroll,gcarrolllq@merriam-webster.com,gcarrolllq,password,admin
Mozelle,Scottesmoor,mscottesmoorlr@ibm.com,mscottesmoorlr,password,admin
Donna,Jandac,djandacls@twitter.com,djandacls,password,admin
Maitilde,Yakobovicz,myakoboviczlt@wsj.com,myakoboviczlt,password,user
Arvy,Dabs,adabslu@zdnet.com,adabslu,password,admin
Tasha,Swains,tswainslv@list-manage.com,tswainslv,password,admin
Horacio,Ruske,hruskelw@shinystat.com,hruskelw,password,admin
Benedetto,Wigzell,bwigzelllx@smugmug.com,bwigzelllx,password,admin
Ryan,Saltwell,rsaltwellly@state.gov,rsaltwellly,password,user
Jethro,Szymaniak,jszymaniaklz@wunderground.com,jszymaniaklz,password,user
Madella,Lewry,mlewrym0@businesswire.com,mlewrym0,password,user
Rhianon,Rideout,rrideoutm1@wikimedia.org,rrideoutm1,password,admin
Jemima,Castiello,jcastiellom2@wikia.com,jcastiellom2,password,admin
Susanetta,Kemitt,skemittm3@google.com.au,skemittm3,password,admin
Jocelyn,Kemwall,jkemwallm4@theatlantic.com,jkemwallm4,password,admin
Beckie,Dyneley,bdyneleym5@w3.org,bdyneleym5,password,admin
Lula,Chezier,lchezierm6@sitemeter.com,lchezierm6,password,user
Thorin,Bahde,tbahdem7@infoseek.co.jp,tbahdem7,password,admin
Tressa,Muckart,tmuckartm8@domainmarket.com,tmuckartm8,password,admin
Whitman,Loos,wloosm9@lycos.com,wloosm9,password,user
Camile,Bunkle,cbunklema@google.com,cbunklema,password,user
Shari,Gildroy,sgildroymb@theatlantic.com,sgildroymb,password,admin
Margaret,Chelsom,mchelsommc@bloglines.com,mchelsommc,password,admin
Albie,Runnett,arunnettmd@is.gd,arunnettmd,password,user
Sancho,Sworne,ssworneme@nsw.gov.au,ssworneme,password,admin
Dori,Rubenfeld,drubenfeldmf@cnet.com,drubenfeldmf,password,admin
Tiena,Tixall,ttixallmg@unesco.org,ttixallmg,password,user
Nick,Henrys,nhenrysmh@census.gov,nhenrysmh,password,user
Demetrius,Manifield,dmanifieldmi@columbia.edu,dmanifieldmi,password,admin
Keriann,Bodechon,kbodechonmj@ifeng.com,kbodechonmj,password,user
Luisa,Bough,lboughmk@aol.com,lboughmk,password,user
Corilla,Petrushka,cpetrushkaml@bandcamp.com,cpetrushkaml,password,admin
Linn,Liversley,lliversleymm@de.vu,lliversleymm,password,admin
Sibella,Dumper,sdumpermn@seesaa.net,sdumpermn,password,user
Obidiah,Taunton,otauntonmo@kickstarter.com,otauntonmo,password,admin
Amaleta,Gipps,agippsmp@un.org,agippsmp,password,user
Debera,Lydster,dlydstermq@scribd.com,dlydstermq,password,user
Orbadiah,Ungerechts,oungerechtsmr@toplist.cz,oungerechtsmr,password,admin
Nickola,Heaney,nheaneyms@nationalgeographic.com,nheaneyms,password,admin
Evy,Scohier,escohiermt@umn.edu,escohiermt,password,admin
Melosa,Petto,mpettomu@ox.ac.uk,mpettomu,password,user
Cicely,Crankshaw,ccrankshawmv@gizmodo.com,ccrankshawmv,password,user
Michele,Endrizzi,mendrizzimw@topsy.com,mendrizzimw,password,admin
Montgomery,Salters,msaltersmx@bloglines.com,msaltersmx,password,admin
Stephine,Capstaff,scapstaffmy@nifty.com,scapstaffmy,password,user
Carlo,Arunowicz,carunowiczmz@free.fr,carunowiczmz,password,user
Stern,Brazel,sbrazeln0@tripadvisor.com,sbrazeln0,password,user
Levey,Landor,llandorn1@issuu.com,llandorn1,password,admin
Theresita,Romaint,tromaintn2@bloomberg.com,tromaintn2,password,user
Shawn,Eneas,seneasn3@last.fm,seneasn3,password,admin
Sidoney,Cabell,scabelln4@youku.com,scabelln4,password,user
Zahara,Ledwitch,zledwitchn5@php.net,zledwitchn5,password,user
Jolie,Belmont,jbelmontn6@rakuten.co.jp,jbelmontn6,password,admin
Noel,Pennick,npennickn7@unicef.org,npennickn7,password,admin
Emmit,Irnis,eirnisn8@spiegel.de,eirnisn8,password,admin
Beckie,Vink,bvinkn9@nhs.uk,bvinkn9,password,admin
Florentia,Larderot,flarderotna@e-recht24.de,flarderotna,password,user
Fredrick,Longbottom,flongbottomnb@patch.com,flongbottomnb,password,admin
Lancelot,Catterick,lcattericknc@vistaprint.com,lcattericknc,password,admin
Arny,Schroder,aschrodernd@macromedia.com,aschrodernd,password,user
Madeleine,Ramos,mramosne@ehow.com,mramosne,password,user
Ripley,Diprose,rdiprosenf@yahoo.com,rdiprosenf,password,admin
Lothario,Busher,lbusherng@g.co,lbusherng,password,user
Brady,Baskeyfield,bbaskeyfieldnh@dagondesign.com,bbaskeyfieldnh,password,user
Davis,Sansum,dsansumni@1688.com,dsansumni,password,user
Denver,Bogey,dbogeynj@youtube.com,dbogeynj,password,admin
Kiele,Scothorne,kscothornenk@tmall.com,kscothornenk,password,admin
Hakim,Chern,hchernnl@dyndns.org,hchernnl,password,user
Faustina,Lars,flarsnm@cloudflare.com,flarsnm,password,user
Cameron,Deverille,cdeverillenn@tmall.com,cdeverillenn,password,admin
Jeanette,Pellman,jpellmanno@nhs.uk,jpellmanno,password,admin
Aileen,Hartford,ahartfordnp@ameblo.jp,ahartfordnp,password,user
Danya,Tritten,dtrittennq@usda.gov,dtrittennq,password,admin
Guy,Pittson,gpittsonnr@tripod.com,gpittsonnr,password,admin
Fredra,Purves,fpurvesns@jiathis.com,fpurvesns,password,user
Dagny,Rosencrantz,drosencrantznt@reverbnation.com,drosencrantznt,password,admin
Lothaire,Gomery,lgomerynu@mapquest.com,lgomerynu,password,user
Alaine,Malyan,amalyannv@ted.com,amalyannv,password,user
Kenyon,Lightollers,klightollersnw@yahoo.com,klightollersnw,password,admin
Grayce,Cracie,gcracienx@microsoft.com,gcracienx,password,user
Amii,Ketchaside,aketchasideny@nifty.com,aketchasideny,password,user
Vanda,Pindar,vpindarnz@lycos.com,vpindarnz,password,admin
Nara,Sherringham,nsherringhamo0@youtu.be,nsherringhamo0,password,admin
Ebenezer,Simpson,esimpsono1@cornell.edu,esimpsono1,password,admin
Marquita,Tattoo,mtattooo2@ameblo.jp,mtattooo2,password,user
Haze,Dymoke,hdymokeo3@hc360.com,hdymokeo3,password,user
Lorrie,Spancock,lspancocko4@taobao.com,lspancocko4,password,user
Regan,Kirman,rkirmano5@prweb.com,rkirmano5,password,admin
Barty,O'Fielly,bofiellyo6@hatena.ne.jp,bofiellyo6,password,user
Vinnie,Lowton,vlowtono7@illinois.edu,vlowtono7,password,admin
Sonny,Wain,swaino8@arizona.edu,swaino8,password,admin
Kristan,Winslow,kwinslowo9@tmall.com,kwinslowo9,password,admin
Margarette,Guthrum,mguthrumoa@google.de,mguthrumoa,password,user
Vernen,Stourton,vstourtonob@woothemes.com,vstourtonob,password,admin
Peadar,Iacovozzo,piacovozzooc@google.de,piacovozzooc,password,admin
Lonna,Farnin,lfarninod@google.pl,lfarninod,password,user
Simonne,Delooze,sdeloozeoe@admin.ch,sdeloozeoe,password,admin
Cherri,Yele,cyeleof@google.ca,cyeleof,password,admin
Maurise,Samwaye,msamwayeog@last.fm,msamwayeog,password,admin
Jessie,Dyball,jdyballoh@yahoo.co.jp,jdyballoh,password,user
Gail,Overland,goverlandoi@exblog.jp,goverlandoi,password,user
Reynolds,McGrayle,rmcgrayleoj@tinypic.com,rmcgrayleoj,password,user
Micki,Arnaudot,marnaudotok@squarespace.com,marnaudotok,password,user
Brynne,De Giorgi,bdegiorgiol@sogou.com,bdegiorgiol,password,admin
Derrek,Heeley,dheeleyom@shutterfly.com,dheeleyom,password,user
Gerhard,Dumingos,gdumingoson@prweb.com,gdumingoson,password,admin
Brandon,Broxholme,bbroxholmeoo@reverbnation.com,bbroxholmeoo,password,user
Cullie,Krojn,ckrojnop@nytimes.com,ckrojnop,password,admin
Archaimbaud,Glitherow,aglitherowoq@comsenz.com,aglitherowoq,password,admin
Verna,Bartaloni,vbartalonior@livejournal.com,vbartalonior,password,user
Midge,Sharpin,msharpinos@storify.com,msharpinos,password,user
Elayne,Foucar,efoucarot@springer.com,efoucarot,password,user
Elset,McCulley,emcculleyou@opera.com,emcculleyou,password,user
Kayle,Masedon,kmasedonov@berkeley.edu,kmasedonov,password,user
Crissie,Rawsthorne,crawsthorneow@rakuten.co.jp,crawsthorneow,password,user
Dagny,Goldwater,dgoldwaterox@time.com,dgoldwaterox,password,admin
Hanna,McMeanma,hmcmeanmaoy@jigsy.com,hmcmeanmaoy,password,admin
Issiah,Van Halen,ivanhalenoz@cisco.com,ivanhalenoz,password,admin
Zachery,Gronowe,zgronowep0@timesonline.co.uk,zgronowep0,password,user
Palm,Veld,pveldp1@indiatimes.com,pveldp1,password,user
Lorri,Lerohan,llerohanp2@pbs.org,llerohanp2,password,admin
Ber,Sandeford,bsandefordp3@europa.eu,bsandefordp3,password,admin
Walden,Trenfield,wtrenfieldp4@sun.com,wtrenfieldp4,password,admin
Westleigh,Bechley,wbechleyp5@redcross.org,wbechleyp5,password,admin
Suellen,Tubby,stubbyp6@feedburner.com,stubbyp6,password,admin
Aime,Rengger,arenggerp7@psu.edu,arenggerp7,password,user
Brandtr,Gwin,bgwinp8@exblog.jp,bgwinp8,password,admin
Neilla,Bloggett,nbloggettp9@51.la,nbloggettp9,password,admin
Germain,Attoe,gattoepa@t-online.de,gattoepa,password,user
Kristina,Hinckesman,khinckesmanpb@princeton.edu,khinckesmanpb,password,user
Cherri,Hamlett,chamlettpc@goo.ne.jp,chamlettpc,password,admin
Annalise,Semens,asemenspd@nps.gov,asemenspd,password,admin
Gar,Ebourne,gebournepe@weebly.com,gebournepe,password,admin
Orelie,Gerren,ogerrenpf@indiatimes.com,ogerrenpf,password,user
Jaclyn,Rantoull,jrantoullpg@gravatar.com,jrantoullpg,password,user
Mamie,Bootton,mboottonph@utexas.edu,mboottonph,password,user
Lay,Niess,lniesspi@netscape.com,lniesspi,password,admin
Cloe,Veelers,cveelerspj@chronoengine.com,cveelerspj,password,user
Ranee,Garraway,rgarrawaypk@kickstarter.com,rgarrawaypk,password,user
Rorke,Farquhar,rfarquharpl@eepurl.com,rfarquharpl,password,admin
Laurena,Navein,lnaveinpm@dailymotion.com,lnaveinpm,password,user
Eudora,Whotton,ewhottonpn@npr.org,ewhottonpn,password,user
Roana,Mose,rmosepo@vkontakte.ru,rmosepo,password,admin
Gabriela,Matitiaho,gmatitiahopp@github.com,gmatitiahopp,password,user
Carmella,Buston,cbustonpq@delicious.com,cbustonpq,password,admin
Sal,Hunnam,shunnampr@yolasite.com,shunnampr,password,user
Elliot,MacAskill,emacaskillps@imageshack.us,emacaskillps,password,admin
Laryssa,Gatchel,lgatchelpt@mediafire.com,lgatchelpt,password,user
Hali,Vowell,hvowellpu@prlog.org,hvowellpu,password,admin
Malinde,Luten,mlutenpv@vk.com,mlutenpv,password,admin
Row,Drabble,rdrabblepw@tripadvisor.com,rdrabblepw,password,admin
Georgianne,Furby,gfurbypx@tripod.com,gfurbypx,password,admin
Hakeem,Forkan,hforkanpy@usgs.gov,hforkanpy,password,admin
Maddy,Kohter,mkohterpz@wikipedia.org,mkohterpz,password,user
Rickard,McGannon,rmcgannonq0@webmd.com,rmcgannonq0,password,user
Stephi,Fullman,sfullmanq1@go.com,sfullmanq1,password,user
Belinda,Klimp,bklimpq2@com.com,bklimpq2,password,user
Robinett,Treweela,rtreweelaq3@bloglines.com,rtreweelaq3,password,user
Karry,Szymanowicz,kszymanowiczq4@xing.com,kszymanowiczq4,password,admin
Anastasie,Feilden,afeildenq5@chicagotribune.com,afeildenq5,password,admin
Jorge,Scurrah,jscurrahq6@wunderground.com,jscurrahq6,password,admin
Kora,O'Brallaghan,kobrallaghanq7@dagondesign.com,kobrallaghanq7,password,user
Lanni,Bangs,lbangsq8@addtoany.com,lbangsq8,password,user
Giuditta,Ferenczi,gferencziq9@squidoo.com,gferencziq9,password,admin
Kendell,Showalter,kshowalterqa@cisco.com,kshowalterqa,password,user
Casey,Epple,ceppleqb@miibeian.gov.cn,ceppleqb,password,admin
Jaquenette,Greste,jgresteqc@t-online.de,jgresteqc,password,admin
Rab,Bernholt,rbernholtqd@utexas.edu,rbernholtqd,password,admin
Lelia,Balharrie,lbalharrieqe@tamu.edu,lbalharrieqe,password,admin
Lissy,Haxley,lhaxleyqf@geocities.com,lhaxleyqf,password,admin
Reinhard,MacCaghan,rmaccaghanqg@cloudflare.com,rmaccaghanqg,password,user
Abbye,Starte,astarteqh@ca.gov,astarteqh,password,user
Darleen,Blunsen,dblunsenqi@about.com,dblunsenqi,password,admin
Norton,Dykas,ndykasqj@google.it,ndykasqj,password,admin
Tyson,Stirtle,tstirtleqk@google.nl,tstirtleqk,password,user
Barry,Coils,bcoilsql@photobucket.com,bcoilsql,password,user
Edgardo,Moorton,emoortonqm@time.com,emoortonqm,password,user
Burnaby,Casino,bcasinoqn@buzzfeed.com,bcasinoqn,password,user
Edgar,Chidley,echidleyqo@twitter.com,echidleyqo,password,admin
Gerianna,Domb,gdombqp@hc360.com,gdombqp,password,user
Madelene,Vasyunin,mvasyuninqq@auda.org.au,mvasyuninqq,password,admin
Sybila,Rannie,srannieqr@nifty.com,srannieqr,password,user
Devland,Drysdall,ddrysdallqs@goo.gl,ddrysdallqs,password,admin
Tallulah,Wethered,twetheredqt@a8.net,twetheredqt,password,user
Tina,Cromblehome,tcromblehomequ@chronoengine.com,tcromblehomequ,password,admin
Ariela,Burbidge,aburbidgeqv@home.pl,aburbidgeqv,password,admin
Katusha,Nadin,knadinqw@hp.com,knadinqw,password,user
Kalila,Dener,kdenerqx@wufoo.com,kdenerqx,password,admin
Melitta,Dun,mdunqy@dedecms.com,mdunqy,password,user
Maighdiln,Grzeszczyk,mgrzeszczykqz@hugedomains.com,mgrzeszczykqz,password,user
Evvie,Crus,ecrusr0@youku.com,ecrusr0,password,admin
Morgun,Rubertis,mrubertisr1@ycombinator.com,mrubertisr1,password,admin
Felice,Skeffington,fskeffingtonr2@skype.com,fskeffingtonr2,password,admin
Laurence,Gowan,lgowanr3@nbcnews.com,lgowanr3,password,admin
Octavius,Kirkhouse,okirkhouser4@rediff.com,okirkhouser4,password,admin
Ignaz,Abramsky,iabramskyr5@state.tx.us,iabramskyr5,password,admin
Carmelina,Klais,cklaisr6@blogspot.com,cklaisr6,password,user
Alain,Iddenden,aiddendenr7@wix.com,aiddendenr7,password,admin
Velvet,Addis,vaddisr8@utexas.edu,vaddisr8,password,admin
Leroy,Cason,lcasonr9@acquirethisname.com,lcasonr9,password,admin
Gennifer,Eccleston,gecclestonra@toplist.cz,gecclestonra,password,admin
Simona,Drew-Clifton,sdrewcliftonrb@ox.ac.uk,sdrewcliftonrb,password,admin
Gayler,Elwel,gelwelrc@about.me,gelwelrc,password,admin
Jamil,Balsdon,jbalsdonrd@cpanel.net,jbalsdonrd,password,user
Emanuele,Boffin,eboffinre@flickr.com,eboffinre,password,user
Miguel,Speck,mspeckrf@opensource.org,mspeckrf,password,admin
Brynne,Cryer,bcryerrg@telegraph.co.uk,bcryerrg,password,admin
Clari,Aronsohn,caronsohnrh@guardian.co.uk,caronsohnrh,password,user
Quinn,Cuss,qcussri@com.com,qcussri,password,user
Carleton,Dorot,cdorotrj@berkeley.edu,cdorotrj,password,user
Beck,Galfour,bgalfourrk@quantcast.com,bgalfourrk,password,admin
Frasco,Minghetti,fminghettirl@webeden.co.uk,fminghettirl,password,user
Moria,Clifford,mcliffordrm@java.com,mcliffordrm,password,user
Wilhelmina,Ortiga,wortigarn@ucla.edu,wortigarn,password,admin
Consuelo,Shiliton,cshilitonro@irs.gov,cshilitonro,password,user
Lyell,Barnett,lbarnettrp@istockphoto.com,lbarnettrp,password,admin
Paton,Treamayne,ptreamaynerq@marriott.com,ptreamaynerq,password,admin
Cesare,Mucci,cmuccirr@sitemeter.com,cmuccirr,password,user
